{
    "bias": [
        -1.235254671937114,
        -0.23999399540854272,
        -0.32027679292020506
    ],
    "scale_matrix": [
        [
            5.070274957185809,
            0.23009602935970533,
            0.10391549587272546
        ],
        [
            0.23009602935970533,
            5.603058353459048,
            0.02529504654038914
        ],
        [
            0.10391549587272546,
            0.02529504654038914,
            5.568165371436561
        ]
    ]
}