{
    "bias": [
        -1.206801742336064,
        -0.3864875795821314,
        0.01587665483355508
    ],
    "scale_matrix": [
        [
            3.223544955734164,
            0.07719377323758297,
            0.06739666445853412
        ],
        [
            0.07719377323758297,
            3.3774812330821153,
            0.006665532603478846
        ],
        [
            0.06739666445853412,
            0.006665532603478846,
            3.90793465669213
        ]
    ]
}