{
    "bias": [
        -0.4080850644367378,
        0.03565956766364078,
        0.00511667450676692
    ],
    "scale_matrix": [
        [
            4.856513559906995,
            0.3745042171286171,
            0.2070624865078641
        ],
        [
            0.3745042171286171,
            4.69228347169672,
            0.11868170936352636
        ],
        [
            0.2070624865078641,
            0.11868170936352636,
            5.392816111021862
        ]
    ]
}